{
  "levels": [
    {
      "id": 1,
      "name": "Trojuholník",
      "difficulty": "Easy",
      "targetShape": {
        "width": 700,
        "height": 700,
        "pieces": [
          {
            "id": "large-triangle-1",
            "type": "large-triangle",
            "position": {
              "x": 140,
              "y": 218
            },
            "rotation": 45,
            "color": "#FF9C00"
          },
          {
            "id": "large-triangle-2",
            "type": "large-triangle",
            "position": {
              "x": 352.132,
              "y": 218
            },
            "rotation": 45,
            "color": "#009CFF"
          },
          {
            "id": "medium-triangle",
            "type": "medium-triangle",
            "position": {
              "x": 246.066,
              "y": 218
            },
            "rotation": 90,
            "color": "#FF9CD2"
          },
          {
            "id": "small-triangle-1",
            "type": "small-triangle",
            "position": {
              "x": 193.033,
              "y": 164.967
            },
            "rotation": 45,
            "color": "#AA4FC2"
          },
          {
            "id": "small-triangle-2",
            "type": "small-triangle",
            "position": {
              "x": 352.132,
              "y": 218
            },
            "rotation": 135,
            "color": "#FF1414"
          },
          {
            "id": "square",
            "type": "square",
            "position": {
              "x": 246.066,
              "y": 111.934
            },
            "rotation": 45,
            "color": "#00FF00"
          },
          {
            "id": "parallelogram",
            "type": "parallelogram",
            "position": {
              "x": 299.099,
              "y": 164.967
            },
            "rotation": 90,
            "color": "#FFFF00"
          }
        ]
      }
    },

    {
      "id": 2,
      "name": "Kohút",
      "difficulty": "Easy",
      "targetShape": {
        "width": 500,
        "height": 500,
        "pieces": [
          {
            "id": "large-triangle-1",
            "type": "large-triangle",
            "position": {
              "x": 180,
              "y": 218
            },
            "rotation": 90,
            "color": "#FF9C00"
          },
          {
            "id": "large-triangle-2",
            "type": "large-triangle",
            "position": {
              "x": 180,
              "y": 278
            },
            "rotation": 0,
            "color": "#009CFF"
          },
          {
            "id": "medium-triangle",
            "type": "medium-triangle",
            "position": {
              "x": 105,
              "y": 143
            },
            "rotation": 45,
            "color": "#FF9CD2"
          },
          {
            "id": "small-triangle-1",
            "type": "small-triangle",
            "position": {
              "x": 233.033,
              "y": 374.967
            },
            "rotation": 315,
            "color": "#AA4FC2"
          },
          {
            "id": "small-triangle-2",
            "type": "small-triangle",
            "position": {
              "x": 308.033,
              "y": 149.967
            },
            "rotation": 45,
            "color": "#FF1414"
          },
          {
            "id": "square",
            "type": "square",
            "position": {
              "x": 255,
              "y": 203
            },
            "rotation": 0,
            "color": "#00FF00"
          },
          {
            "id": "parallelogram",
            "type": "parallelogram",
            "position": {
              "x": 30,
              "y": 218
            },
            "rotation": 45,
            "color": "#FFFF00"
          }
        ]
      }
    },

    {
      "id": 3,
      "name": "Vrana",
      "difficulty": "Easy",
      "targetShape": {
        "width": 500,
        "height": 500,
        "pieces": [
          {
            "id": "large-triangle-1",
            "type": "large-triangle",
            "position": {
              "x": 230,
              "y": 200
            },
            "rotation": 180,
            "color": "#FF9C00"
          },
          {
            "id": "large-triangle-2",
            "type": "large-triangle",
            "position": {
              "x": 336.066,
              "y": 156.066
            },
            "rotation": 135,
            "color": "#009CFF"
          },
          {
            "id": "medium-triangle",
            "type": "medium-triangle",
            "position": {
              "x": 361.066,
              "y": 75
            },
            "rotation": 90,
            "color": "#FF9CD2"
          },
          {
            "id": "small-triangle-1",
            "type": "small-triangle",
            "position": {
              "x": 436.066,
              "y": 181.066
            },
            "rotation": 90,
            "color": "#AA4FC2"
          },
          {
            "id": "small-triangle-2",
            "type": "small-triangle",
            "position": {
              "x": 245,
              "y": 247.132
            },
            "rotation": 45,
            "color": "#FF1414"
          },
          {
            "id": "square",
            "type": "square",
            "position": {
              "x": 361.066,
              "y": 106.066
            },
            "rotation": 0,
            "color": "#00FF00"
          },
          {
            "id": "parallelogram",
            "type": "parallelogram",
            "position": {
              "x": 155,
              "y": 200
            },
            "rotation": 135,
            "color": "#FFFF00"
          }
        ]
      }
    }
  ]
}


